id,nombre,carreras,ubicacion,area,modalidad,plazas,horario,requisitos,duracion,contacto,convenio_estado,convenio_vigencia
1,Comisión Federal de Electricidad,,,,,,,,,,,
2,H. Ayuntamiento Constitucional de Acapulco de Juárez,,,,,,,,,,,
3,Sistema Municipal DIF Acapulco,,,,,,,,,,,
4,Comisión para la Protección contra Riesgos Sanitarios del Estado de Guerrero,,,,,,,,,,,
5,Instituto de Capacitación para el Estado de Guerrero,,,,,,,,,,,
6,Instituto Estatal de Oftalmología,,,,,,,,,,,
7,Colegio de Bachilleres del Estado de Guerrero,,,,,,,,,,,
8,Instituto Estatal de Cancerología «Dr. Arturo Beltrán Ortega»,,,,,,,,,,,
9,H. Ayuntamiento Municipal Constitucional de Coyuca de Benítez,,,,,,,,,,,
10,Fondo Nacional de Fomento al Turismo,,,,,,,,,,,
11,CECyTEC Plantel 04 El Coloso,,,,,,,,,,,
12,Parque Papagayo,,,,,,,,,,,
13,Preparatoria Abierta Región Acapulco-Coyuca,,,,,,,,,,,
14,Universidad Tecnológica y Politécnica de Coyuca de Benítez,,,,,,,,,,,
15,Secretaría de Bienestar,,,,,,,,,,,
16,Centro de Capacitación para el Trabajo Industrial No. 77,,,,,,,,,,,
17,Promotora y Administradora de los Servicios de Playas de Zona Federal Marítimo Terrestre de Acapulco,,,,,,,,,,,
18,Dirección General de Educación Tecnológica Industrial y de Servicios en Guerrero,,,,,,,,,,,
19,"Centro de Estudios Tecnológicos, Industrial y de Servicios No. 116",,,,,,,,,,,
20,Secretaría de Educación Guerrero Región Acapulco-Coyuca de Benítez,,,,,,,,,,,
21,Comisión Nacional del Agua,,,,,,,,,,,
22,CONALEP Acapulco 1,,,,,,,,,,,
23,Instituto Nacional del Suelo Sustentable,,,,,,,,,,,
24,Petróleos Mexicanos,,,,,,,,,,,
25,SICT Centro Guerrero,,,,,,,,,,,
26,Poder Judicial del Estado de Guerrero,,,,,,,,,,,
27,Comisión Nacional de Acuacultura y Pesca,,,,,,,,,,,
28,Promotora Turística de Guerrero,,,,,,,,,,,
29,Servicio de Administración Tributaria,,,,,,,,,,,
30,Instituto Mexicano del Seguro Social,,,,,,,,,,,
